Class,Image,Original_Size_Bytes,Compressed_Size_Bytes,Compression_Ratio,Space_Saving_Percent,Compression_Time_ms,Decompression_Time_ms,Total_Time_ms,MSE,PSNR_dB,SSIM
airplane,airplane_0000.jpg,14425,7557,1.908826,47.611785,0.531800,0.333700,0.865500,18.047596,35.566610,0.998167
airplane,airplane_0001.jpg,13631,7244,1.881695,46.856430,0.911800,0.489000,1.400800,13.224973,36.916856,0.999258
airplane,airplane_0002.jpg,16170,8693,1.860117,46.239951,0.472900,0.298400,0.771300,26.643764,33.874848,0.994610
airplane,airplane_0003.jpg,14762,7967,1.852893,46.030348,0.385400,0.390300,0.775700,17.522966,35.694727,0.998836
airplane,airplane_0004.jpg,14517,7581,1.914919,47.778467,0.344300,1.322700,1.667000,21.031594,34.902082,0.998447
airplane,airplane_0005.jpg,14815,8180,1.811125,44.785690,0.291600,4.086500,4.378100,19.503787,35.229614,0.997756
airplane,airplane_0006.jpg,10690,5486,1.948596,48.681010,0.322400,0.399700,0.722100,13.652956,36.778537,0.998846
airplane,airplane_0007.jpg,18983,10535,1.801898,44.502976,0.443800,0.507300,0.951100,18.699336,35.412542,0.998668
airplane,airplane_0008.jpg,21284,11270,1.888554,47.049427,0.422500,0.683600,1.106100,23.591654,34.403220,0.997350
airplane,airplane_0009.jpg,12156,6293,1.931670,48.231326,0.296200,0.389400,0.685600,18.543871,35.448800,0.998781
airplane,airplane_0010.jpg,14094,7396,1.905625,47.523769,3.177000,0.490600,3.667600,15.187352,36.315983,0.998882
airplane,airplane_0011.jpg,12794,7692,1.663287,39.878068,0.330300,0.349900,0.680200,4.436387,41.660509,0.999822
airplane,airplane_0012.jpg,8266,4471,1.848803,45.910961,0.262000,0.268100,0.530100,11.863656,37.388618,0.998697
airplane,airplane_0013.jpg,10556,5782,1.825666,45.225464,0.453600,0.339200,0.792800,17.155002,35.786896,0.997588
airplane,airplane_0014.jpg,9305,5777,1.610698,37.915099,1.353700,0.633500,1.987200,2.876289,43.542479,0.999915
airplane,airplane_0015.jpg,19430,10089,1.925860,48.075142,0.365100,0.396900,0.762000,28.451411,33.589765,0.997852
airplane,airplane_0016.jpg,18658,9539,1.955970,48.874477,0.350700,0.408100,0.758800,30.248827,33.323718,0.997857
airplane,airplane_0017.jpg,12158,6319,1.924039,48.025991,0.289800,0.298100,0.587900,23.618948,34.398198,0.998149
airplane,airplane_0018.jpg,12349,6199,1.992095,49.801603,0.424900,0.305400,0.730300,18.822564,35.384016,0.998385
airplane,airplane_0019.jpg,14959,7435,2.011970,50.297480,0.477400,0.449900,0.927300,12.449335,37.179342,0.999344
airplane,airplane_0020.jpg,12759,6519,1.957202,48.906654,0.384200,0.389500,0.773700,15.606920,36.197632,0.998647
airplane,airplane_0021.jpg,11197,6199,1.806259,44.636956,0.312300,0.359400,0.671700,17.982003,35.582423,0.998668
airplane,airplane_0022.jpg,18606,10629,1.750494,42.873267,0.439400,15.362100,15.801500,20.703514,34.970363,0.995946
airplane,airplane_0023.jpg,17847,9503,1.878039,46.752956,0.350300,0.366300,0.716600,28.657543,33.558414,0.997879
airplane,airplane_0024.jpg,16948,9055,1.871673,46.571867,0.315900,2.361700,2.677600,31.071275,33.207213,0.997467
airplane,airplane_0025.jpg,13312,7031,1.893330,47.182993,0.339900,0.320100,0.660000,10.864181,37.770834,0.999131
airplane,airplane_0026.jpg,9490,4872,1.947865,48.661749,0.315200,0.282300,0.597500,16.132285,36.053845,0.998100
airplane,airplane_0027.jpg,11339,6175,1.836275,45.541935,0.319800,0.521000,0.840800,10.864567,37.770679,0.998887
airplane,airplane_0028.jpg,13047,7010,1.861198,46.271173,0.305700,0.270600,0.576300,24.216883,34.289621,0.997028
airplane,airplane_0029.jpg,16745,8901,1.881249,46.843834,2.622700,1.541900,4.164600,19.961666,35.128836,0.998119
airplane,airplane_0030.jpg,11863,6286,1.887210,47.011717,1.147400,2.409300,3.556700,15.955432,36.101718,0.998936
airplane,airplane_0031.jpg,13012,6778,1.919740,47.909622,0.414300,0.425800,0.840100,12.682856,37.098633,0.998963
airplane,airplane_0032.jpg,15432,8075,1.911084,47.673665,0.380700,0.701400,1.082100,15.462787,36.237926,0.995743
airplane,airplane_0033.jpg,13892,7176,1.935897,48.344371,0.346600,0.389300,0.735900,15.853406,36.129578,0.999028
airplane,airplane_0034.jpg,14860,7687,1.933134,48.270525,0.425500,8.129600,8.555100,15.600529,36.199410,0.999046
airplane,airplane_0035.jpg,11119,5866,1.895499,47.243457,0.310400,0.415000,0.725400,10.055556,38.106743,0.999420
airplane,airplane_0036.jpg,13192,6923,1.905532,47.521225,1.654000,0.440900,2.094900,15.531062,36.218792,0.999180
airplane,airplane_0037.jpg,11520,6101,1.888215,47.039931,0.469900,0.961300,1.431200,20.465663,35.020545,0.998164
airplane,airplane_0038.jpg,18369,9675,1.898605,47.329740,0.371500,0.394300,0.765800,28.742265,33.545594,0.998027
airplane,airplane_0039.jpg,17752,9204,1.928727,48.152321,0.417000,0.513500,0.930500,23.126488,34.489707,0.998239
airplane,airplane_0040.jpg,13048,7003,1.863201,46.328939,0.278900,0.355200,0.634100,21.181852,34.871164,0.998585
airplane,airplane_0041.jpg,14563,7870,1.850445,45.958937,0.456300,0.935300,1.391600,31.020919,33.214257,0.997250
airplane,airplane_0042.jpg,13478,7157,1.883191,46.898650,0.792100,0.296000,1.088100,27.096981,33.801595,0.996704
airplane,airplane_0043.jpg,28136,14419,1.951314,48.752488,0.636700,0.674900,1.311600,23.204139,34.475149,0.998414
airplane,airplane_0044.jpg,14223,7533,1.888092,47.036490,0.263300,0.326900,0.590200,28.508936,33.580994,0.996903
airplane,airplane_0045.jpg,14444,7769,1.859184,46.212960,0.300000,0.285500,0.585500,24.817289,34.183260,0.997115
airplane,airplane_0046.jpg,20080,10392,1.932256,48.247012,0.461100,0.519600,0.980700,22.915301,34.529548,0.997488
airplane,airplane_0047.jpg,16056,9014,1.781229,43.858994,0.367200,0.447200,0.814400,14.942871,36.386463,0.996751
airplane,airplane_0048.jpg,14422,7975,1.808401,44.702538,1.002700,0.357300,1.360000,14.056769,36.651949,0.999259
airplane,airplane_0049.jpg,21606,11663,1.852525,46.019624,0.417600,0.463200,0.880800,27.973348,33.663359,0.997143
car,car_0000.jpg,15323,4896,3.129698,68.048032,0.205000,0.188500,0.393500,55.498767,30.687970,0.993925
car,car_0001.jpg,9314,3165,2.942812,66.018896,0.182800,0.186300,0.369100,28.356967,33.604206,0.997181
car,car_0002.jpg,10754,3529,3.047322,67.184304,0.164900,0.228200,0.393100,29.379233,33.450399,0.996391
car,car_0003.jpg,11389,3630,3.137466,68.127140,0.151600,0.203100,0.354700,29.706300,33.402318,0.996932
car,car_0004.jpg,10828,3436,3.151339,68.267455,0.157000,0.270700,0.427700,25.442100,34.075274,0.997097
car,car_0005.jpg,10461,3518,2.973565,66.370328,0.158200,0.239400,0.397600,31.734433,33.115496,0.996810
car,car_0006.jpg,14074,4486,3.137316,68.125622,0.157400,0.178900,0.336300,43.332767,31.762639,0.995087
car,car_0007.jpg,11213,3382,3.315494,69.838580,0.177600,0.442400,0.620000,26.322367,33.927554,0.994287
car,car_0008.jpg,13407,4465,3.002688,66.696502,0.193200,0.195700,0.388900,38.736000,32.249656,0.995833
car,car_0009.jpg,12593,4041,3.116308,67.910744,0.170100,0.183900,0.354000,38.035433,32.328920,0.995219
car,car_0010.jpg,12010,3735,3.215529,68.900916,0.171600,0.178100,0.349700,37.517533,32.388461,0.995213
car,car_0011.jpg,12571,3786,3.320391,69.883064,0.165000,0.161200,0.326200,35.655100,32.609587,0.997114
car,car_0012.jpg,13835,4299,3.218190,68.926635,0.177400,0.156900,0.334300,38.232767,32.306446,0.995394
car,car_0013.jpg,13204,4317,3.058606,67.305362,0.357000,0.217800,0.574800,40.661033,32.039019,0.995136
car,car_0014.jpg,9781,3111,3.144005,68.193436,0.160200,0.159500,0.319700,22.133700,34.680263,0.997885
car,car_0015.jpg,12523,3976,3.149648,68.250419,0.176800,0.170500,0.347300,37.684133,32.369218,0.995225
car,car_0016.jpg,12772,3948,3.235056,69.088631,0.169900,0.182800,0.352700,39.268800,32.190327,0.994823
car,car_0017.jpg,11345,3345,3.391629,70.515646,0.178400,0.198900,0.377300,29.840900,33.382684,0.995207
car,car_0018.jpg,10930,3490,3.131805,68.069533,0.164400,0.194100,0.358500,30.931567,33.226784,0.997540
car,car_0019.jpg,10438,3126,3.339091,70.051734,0.328000,0.168000,0.496000,30.095200,33.345831,0.996753
car,car_0020.jpg,12780,3896,3.280287,69.514867,0.208900,0.176600,0.385500,34.045633,32.810189,0.997150
car,car_0021.jpg,11699,3497,3.345439,70.108556,0.171800,0.241000,0.412800,36.209700,32.542554,0.994552
car,car_0022.jpg,14783,4825,3.063834,67.361158,0.158900,3.110800,3.269700,53.188033,30.872664,0.994863
car,car_0023.jpg,12725,3937,3.232156,69.060904,0.208500,0.204400,0.412900,36.860333,32.465211,0.994194
car,car_0024.jpg,10663,3272,3.258863,69.314452,0.173700,0.170000,0.343700,27.608800,33.720328,0.996988
car,car_0025.jpg,12561,3879,3.238206,69.118701,0.186700,0.174100,0.360800,36.128867,32.552260,0.996285
car,car_0026.jpg,11155,3372,3.308126,69.771403,0.256200,0.168300,0.424500,26.500800,33.898214,0.996998
car,car_0027.jpg,11274,3508,3.213797,68.884158,0.223000,0.194800,0.417800,30.916633,33.228882,0.996135
car,car_0028.jpg,12873,4030,3.194293,68.694166,0.160300,0.206200,0.366500,43.839300,31.712167,0.995507
car,car_0029.jpg,13025,4225,3.082840,67.562380,0.187600,0.164200,0.351800,39.173533,32.200876,0.995656
car,car_0030.jpg,12718,3980,3.195477,68.705771,0.322700,0.191500,0.514200,31.980867,33.081901,0.996951
car,car_0031.jpg,12414,3804,3.263407,69.357177,0.210800,0.173000,0.383800,36.921800,32.457975,0.995756
car,car_0032.jpg,11543,3539,3.261656,69.340726,0.165300,0.166200,0.331500,29.487067,33.434488,0.997131
car,car_0033.jpg,15396,4824,3.191542,68.667186,0.189500,0.230900,0.420400,56.644867,30.599198,0.994779
car,car_0034.jpg,13252,4132,3.207164,68.819801,0.173500,0.170300,0.343800,36.969533,32.452364,0.995407
car,car_0035.jpg,12116,3681,3.291497,69.618686,0.286900,0.208500,0.495400,32.369633,33.029426,0.996790
car,car_0036.jpg,11920,3739,3.188018,68.632550,0.219100,0.184500,0.403600,34.553200,32.745921,0.995693
car,car_0037.jpg,10597,3154,3.359860,70.236859,0.157300,0.172300,0.329600,26.927200,33.828892,0.997189
car,car_0038.jpg,11906,3879,3.069348,67.419788,0.232200,0.245400,0.477600,33.118100,32.930149,0.994320
car,car_0039.jpg,12017,3721,3.229508,69.035533,0.203600,0.181800,0.385400,31.700533,33.120138,0.996315
car,car_0040.jpg,13411,4290,3.126107,68.011334,0.161700,0.203900,0.365600,39.971567,32.113292,0.995974
car,car_0041.jpg,11911,3683,3.234048,69.079003,0.152300,0.175900,0.328200,31.874700,33.096343,0.997271
car,car_0042.jpg,13101,4020,3.258955,69.315319,0.219100,0.302300,0.521400,42.310133,31.866360,0.993878
car,car_0043.jpg,10189,3538,2.879876,65.276278,0.215300,0.241200,0.456500,29.246500,33.470065,0.998087
car,car_0044.jpg,12620,3915,3.223499,68.977813,0.156300,0.175300,0.331600,30.938933,33.225750,0.997127
car,car_0045.jpg,11603,3609,3.215018,68.895975,0.214600,0.197800,0.412400,30.663667,33.264563,0.995988
car,car_0046.jpg,10158,3326,3.054119,67.257334,0.159600,0.215100,0.374700,29.658300,33.409341,0.996111
car,car_0047.jpg,11398,3525,3.233475,69.073522,0.395700,0.203200,0.598900,33.020733,32.942936,0.995517
car,car_0048.jpg,9500,3224,2.946650,66.063158,0.158100,0.211100,0.369200,27.221300,33.781715,0.997839
car,car_0049.jpg,10755,3333,3.226823,69.009763,0.163000,3.338200,3.501200,24.212967,34.290324,0.995446
cat,cat_0000.jpg,39582,21402,1.849453,45.929968,1.003800,0.938800,1.942600,11.471427,37.534629,0.998586
cat,cat_0001.jpg,36644,18082,2.026546,50.654950,1.148000,1.386700,2.534700,6.848963,39.774556,0.998897
cat,cat_0002.jpg,21182,10041,2.109551,52.596544,0.541500,0.643500,1.185000,28.423794,33.593983,0.995910
cat,cat_0003.jpg,30319,15027,2.017635,50.437020,0.983200,0.907300,1.890500,9.603438,38.306536,0.998850
cat,cat_0004.jpg,48544,22312,2.175690,54.037574,0.988900,0.919300,1.908200,24.229907,34.287286,0.997637
cat,cat_0005.jpg,24422,12363,1.975410,49.377610,0.577800,1.155300,1.733100,25.245620,34.108943,0.996090
cat,cat_0006.jpg,29875,14049,2.126486,52.974059,1.075000,0.940800,2.015800,6.787283,39.813844,0.999259
cat,cat_0007.jpg,36540,18979,1.925286,48.059661,0.970400,0.933000,1.903400,14.653507,36.471388,0.998807
cat,cat_0008.jpg,43131,20881,2.065562,51.587026,0.966100,1.174100,2.140200,16.052399,36.075404,0.998483
cat,cat_0009.jpg,37587,17655,2.128972,53.028973,0.934700,2.547800,3.482500,12.084042,37.308681,0.996401
cat,cat_0010.jpg,67730,31730,2.134573,53.152222,6.014800,1.960700,7.975500,13.541464,36.814147,0.997337
cat,cat_0011.jpg,7004,3562,1.966311,49.143347,0.209400,0.616100,0.825500,21.736396,34.758928,0.992930
cat,cat_0012.jpg,39117,17700,2.210000,54.751131,1.215600,1.454800,2.670400,9.858651,38.192629,0.997044
cat,cat_0013.jpg,21468,10724,2.001865,50.046581,0.681300,0.658400,1.339700,7.416621,39.428743,0.999642
cat,cat_0014.jpg,45206,21436,2.108882,52.581516,2.153900,1.361400,3.515300,13.396512,36.860886,0.998327
cat,cat_0015.jpg,12101,6437,1.879913,46.806049,0.415100,0.371400,0.786500,9.185283,38.499878,0.997992
cat,cat_0016.jpg,8627,4467,1.931274,48.220702,0.240200,0.710800,0.951000,14.374319,36.554931,0.996068
cat,cat_0017.jpg,52525,24874,2.111643,52.643503,7.024600,1.616800,8.641400,7.951343,39.126399,0.999398
cat,cat_0018.jpg,18217,8907,2.045245,51.106110,0.355500,0.410500,0.766000,42.503461,31.846561,0.993203
cat,cat_0019.jpg,58507,29070,2.012625,50.313638,2.185700,1.915700,4.101400,11.288423,37.604471,0.998891
cat,cat_0020.jpg,40056,19496,2.054575,51.328141,2.072500,1.594500,3.667000,7.380292,39.450068,0.998259
cat,cat_0021.jpg,55443,28985,1.912817,47.721083,1.523900,9.217700,10.741600,7.543463,39.355096,0.998997
cat,cat_0022.jpg,95254,45236,2.105712,52.510131,1.962300,2.061800,4.024100,29.429116,33.443031,0.996200
cat,cat_0023.jpg,25817,13163,1.961331,49.014215,0.688500,0.654900,1.343400,9.799788,38.218637,0.999422
cat,cat_0024.jpg,35820,16965,2.111406,52.638191,1.030600,0.975700,2.006300,13.142280,36.944097,0.997557
cat,cat_0025.jpg,26909,11742,2.291688,56.364042,0.668900,0.662900,1.331800,13.419934,36.853300,0.997510
cat,cat_0026.jpg,21424,10109,2.119300,52.814600,0.551900,0.644900,1.196800,14.144412,36.624955,0.998863
cat,cat_0027.jpg,56658,27574,2.054762,51.332557,2.326400,1.540700,3.867100,15.027721,36.361872,0.996747
cat,cat_0028.jpg,14030,7293,1.923763,48.018532,2.953200,0.318500,3.271700,35.772575,32.595302,0.995415
cat,cat_0029.jpg,66411,31272,2.123657,52.911415,1.548400,2.098400,3.646800,12.862077,37.037693,0.998092
cat,cat_0030.jpg,39946,20566,1.942332,48.515496,1.292500,1.351000,2.643500,11.912431,37.370800,0.998398
cat,cat_0031.jpg,51169,24094,2.123724,52.912896,1.615000,1.470600,3.085600,10.750393,37.816560,0.999480
cat,cat_0032.jpg,14768,7579,1.948542,48.679577,0.439100,0.442900,0.882000,11.342568,37.583690,0.998986
cat,cat_0033.jpg,53966,28133,1.918245,47.869029,1.473100,1.563900,3.037000,13.428648,36.850481,0.998660
cat,cat_0034.jpg,75470,36742,2.054053,51.315755,2.060800,2.075800,4.136600,10.869741,37.768612,0.998959
cat,cat_0035.jpg,66351,31009,2.139734,53.265211,1.468500,2.800900,4.269400,30.294708,33.317136,0.995142
cat,cat_0036.jpg,16306,8440,1.931991,48.239912,0.442700,0.443900,0.886600,13.418968,36.853613,0.999214
cat,cat_0037.jpg,14477,7046,2.054641,51.329695,0.494700,0.522300,1.017000,8.983518,38.596339,0.997767
cat,cat_0038.jpg,23424,11402,2.054376,51.323429,0.836300,0.828500,1.664800,4.799400,41.318934,0.999584
cat,cat_0039.jpg,27792,14110,1.969667,49.229994,0.730900,0.885500,1.616400,10.953224,37.735384,0.999307
cat,cat_0040.jpg,61811,28946,2.135390,53.170148,4.853000,1.565700,6.418700,18.205624,35.528748,0.998123
cat,cat_0041.jpg,29814,13998,2.129876,53.048903,1.413500,0.707000,2.120500,11.821443,37.404099,0.996272
cat,cat_0042.jpg,47003,21714,2.164640,53.802949,1.802600,3.859500,5.662100,7.740408,39.243165,0.998281
cat,cat_0043.jpg,27531,13505,2.038578,50.946206,0.567300,0.651900,1.219200,29.346658,33.455217,0.995865
cat,cat_0044.jpg,56039,26958,2.078752,51.894217,1.521200,2.011100,3.532300,12.530221,37.151216,0.998446
cat,cat_0045.jpg,17992,8459,2.126965,52.984660,0.919700,0.606900,1.526600,7.188221,39.564589,0.999206
cat,cat_0046.jpg,24265,12355,1.963982,49.083041,0.636400,0.570400,1.206800,20.695462,34.972052,0.997897
cat,cat_0047.jpg,13876,7112,1.951069,48.746036,0.477500,0.522400,0.999900,7.250406,39.527180,0.997506
cat,cat_0048.jpg,49547,23151,2.140167,53.274668,1.226100,1.349600,2.575700,8.633930,38.768718,0.999057
cat,cat_0049.jpg,20796,10665,1.949930,48.716099,0.670800,0.753200,1.424000,6.345202,40.106349,0.998833
dog,dog_0000.jpg,8562,4880,1.754508,43.003971,0.178100,0.327500,0.505600,53.336086,30.860592,0.991424
dog,dog_0001.jpg,9981,6126,1.629285,38.623384,0.297800,0.323100,0.620900,4.622333,41.482192,0.999785
dog,dog_0002.jpg,54954,27918,1.968407,49.197511,1.649300,1.468100,3.117400,15.783755,36.148700,0.998811
dog,dog_0003.jpg,47965,22384,2.142825,53.332638,2.553100,1.574800,4.127900,9.205691,38.490240,0.998961
dog,dog_0004.jpg,27897,13300,2.097519,52.324623,0.759000,1.766400,2.525400,12.692614,37.095293,0.998582
dog,dog_0005.jpg,20266,11462,1.768103,43.442218,4.091800,0.485200,4.577000,25.698096,34.031794,0.994246
dog,dog_0006.jpg,65153,31446,2.071901,51.735147,1.674300,1.586500,3.260800,16.050240,36.075988,0.998276
dog,dog_0007.jpg,45674,24166,1.890011,47.090248,1.237400,1.269800,2.507200,9.069100,38.555162,0.999410
dog,dog_0008.jpg,28623,13965,2.049624,51.210565,0.893800,0.896200,1.790000,8.419178,38.878107,0.997983
dog,dog_0009.jpg,58714,28397,2.067613,51.635044,1.921800,14.987300,16.909100,9.791201,38.222444,0.998601
dog,dog_0010.jpg,7145,3825,1.867974,46.466060,0.207800,0.218600,0.426400,21.143859,34.878961,0.989392
dog,dog_0011.jpg,29487,14526,2.029946,50.737613,1.802400,0.819200,2.621600,10.081876,38.095390,0.998952
dog,dog_0012.jpg,14970,8154,1.835909,45.531062,0.325400,0.332800,0.658200,52.605333,30.920506,0.989642
dog,dog_0013.jpg,20001,10052,1.989753,49.742513,0.459900,0.486200,0.946100,29.102786,33.491458,0.997614
dog,dog_0014.jpg,25650,12630,2.030879,50.760234,0.625800,0.667000,1.292800,19.931889,35.135319,0.997287
dog,dog_0015.jpg,39215,18506,2.119042,52.808874,1.235700,1.303000,2.538700,10.050484,38.108934,0.998407
dog,dog_0016.jpg,41086,19641,2.091849,52.195395,27.347300,1.391800,28.739100,12.808242,37.055908,0.999110
dog,dog_0017.jpg,44656,23442,1.904957,47.505374,1.573800,1.693900,3.267700,6.110807,40.269818,0.999027
dog,dog_0018.jpg,23123,11214,2.061976,51.502833,2.441000,0.711300,3.152300,8.550302,38.810989,0.999530
dog,dog_0019.jpg,17851,9341,1.911037,47.672399,0.497300,0.386100,0.883400,44.259739,31.670715,0.993742
dog,dog_0020.jpg,41403,18956,2.184163,54.215878,1.011000,1.359300,2.370300,13.418568,36.853742,0.995079
dog,dog_0021.jpg,47794,22729,2.102776,52.443821,1.401200,4.893900,6.295100,9.263332,38.463131,0.998771
dog,dog_0022.jpg,92101,45556,2.021710,50.536911,1.702900,1.775600,3.478500,34.509733,32.751388,0.997334
dog,dog_0023.jpg,65232,29961,2.177230,54.070088,3.494600,1.980900,5.475500,7.520528,39.368320,0.999547
dog,dog_0024.jpg,3926,2368,1.657939,39.684157,0.129100,0.159800,0.288900,57.020152,30.570520,0.995881
dog,dog_0025.jpg,34533,16931,2.039631,50.971534,0.720300,0.696200,1.416500,26.394179,33.915722,0.996069
dog,dog_0026.jpg,39879,19608,2.033813,50.831265,1.101500,3.444200,4.545700,10.521876,37.909872,0.999095
dog,dog_0027.jpg,12543,6436,1.948881,48.688512,0.463800,0.461600,0.925400,7.018045,39.668642,0.999312
dog,dog_0028.jpg,16172,8507,1.901023,47.396735,0.390300,0.383900,0.774200,14.688074,36.461155,0.997775
dog,dog_0029.jpg,36838,18258,2.017636,50.437049,0.864100,6.307100,7.171200,17.167777,35.783663,0.997410
dog,dog_0030.jpg,28550,15016,1.901305,47.404553,0.709400,0.938500,1.647900,5.700612,40.571589,0.999019
dog,dog_0031.jpg,71924,35751,2.011804,50.293365,2.925100,2.500800,5.425900,6.716345,39.859474,0.999356
dog,dog_0032.jpg,6498,3490,1.861891,46.291167,0.277700,0.378800,0.656500,14.685358,36.461958,0.998045
dog,dog_0033.jpg,26622,13605,1.956781,48.895650,0.647200,0.811700,1.458900,15.285211,36.288089,0.999008
dog,dog_0034.jpg,4983,2819,1.767648,43.427654,0.155100,1.112500,1.267600,23.830558,34.359461,0.996191
dog,dog_0035.jpg,44276,22008,2.011814,50.293613,2.325800,1.348600,3.674400,6.612696,39.927018,0.999347
dog,dog_0036.jpg,25308,12382,2.043935,51.074759,0.624300,0.635400,1.259700,11.140875,37.661611,0.998923
dog,dog_0037.jpg,21301,10364,2.055288,51.345007,0.685000,0.456900,1.141900,27.281490,33.772123,0.991259
dog,dog_0038.jpg,44924,22714,1.977811,49.439053,0.943400,1.613100,2.556500,18.130544,35.546695,0.995785
dog,dog_0039.jpg,51794,24475,2.116200,52.745492,1.364000,1.544800,2.908800,9.792796,38.221736,0.998614
dog,dog_0040.jpg,46094,21696,2.124539,52.930967,0.945300,1.050800,1.996100,24.664888,34.210012,0.994083
dog,dog_0041.jpg,38634,19110,2.021664,50.535797,3.083000,1.448900,4.531900,4.247178,41.849799,0.999828
dog,dog_0042.jpg,33392,16675,2.002519,50.062889,0.756700,0.771500,1.528200,23.810711,34.363080,0.995340
dog,dog_0043.jpg,14724,8069,1.824761,45.198316,0.707000,0.526900,1.233900,6.366553,40.091760,0.999465
dog,dog_0044.jpg,50466,23427,2.154181,53.578647,7.209500,1.085500,8.295000,42.663105,31.830279,0.985822
dog,dog_0045.jpg,51633,27057,1.908305,47.597467,1.649500,1.303900,2.953400,8.174722,39.006073,0.999416
dog,dog_0046.jpg,39230,19041,2.060291,51.463166,0.964500,1.485400,2.449900,16.239886,36.024974,0.998620
dog,dog_0047.jpg,16998,9320,1.823820,45.170020,0.434300,0.534400,0.968700,16.421836,35.976587,0.996314
dog,dog_0048.jpg,35887,16096,2.229560,55.148104,0.798500,0.781200,1.579700,16.586003,35.933386,0.996223
dog,dog_0049.jpg,45694,24586,1.858537,46.194249,1.100900,1.276000,2.376900,10.977462,37.725784,0.999029
flower,flower_0000.jpg,12921,8058,1.603500,37.636406,0.283100,0.288000,0.571100,28.746618,33.544936,0.994477
flower,flower_0001.jpg,28602,16348,1.749572,42.843158,0.448600,0.554800,1.003400,58.587719,30.452738,0.993388
flower,flower_0002.jpg,130172,70633,1.842935,45.738715,1.754900,2.297900,4.052800,60.113088,30.341113,0.996723
flower,flower_0003.jpg,5506,3662,1.503550,33.490737,0.199600,0.211700,0.411300,12.041641,37.323947,0.998778
flower,flower_0004.jpg,97444,58035,1.679056,40.442716,21.013100,2.245600,23.258700,8.853754,38.659529,0.999009
flower,flower_0005.jpg,60104,33507,1.793774,44.251631,1.450400,1.563400,3.013800,8.825400,38.673460,0.999556
flower,flower_0006.jpg,13890,7706,1.802492,44.521238,0.253000,0.365600,0.618600,56.006287,30.648436,0.984984
flower,flower_0007.jpg,37606,19740,1.905066,47.508376,0.664700,4.069500,4.734200,33.286079,32.908177,0.990407
flower,flower_0008.jpg,29795,15117,1.970960,49.263299,0.834400,1.168900,2.003300,11.286861,37.605072,0.995892
flower,flower_0009.jpg,92179,50338,1.831201,45.391033,8.071800,1.981700,10.053500,31.570510,33.137988,0.995372
flower,flower_0010.jpg,57278,30834,1.857625,46.167813,1.432100,1.473100,2.905200,12.115232,37.297486,0.999212
flower,flower_0011.jpg,33960,19238,1.765256,43.351001,0.792200,0.753900,1.546100,21.147361,34.878242,0.997778
flower,flower_0012.jpg,68344,15560,4.392288,77.232822,0.885000,1.228800,2.113800,9.929185,38.161667,0.998464
flower,flower_0013.jpg,165983,79047,2.099801,52.376448,5.549700,5.656600,11.206300,6.218909,40.193662,0.998564
flower,flower_0014.jpg,54543,23311,2.339797,57.261243,1.467500,1.337800,2.805300,21.324494,34.842016,0.992323
flower,flower_0015.jpg,8852,4556,1.942932,48.531405,0.313100,0.343000,0.656100,6.847842,39.775266,0.996904
flower,flower_0016.jpg,58122,31935,1.820009,45.055229,2.341800,7.490700,9.832500,8.839356,38.666597,0.999348
flower,flower_0017.jpg,57363,27590,2.079123,51.902794,1.756100,1.791000,3.547100,12.183976,37.272913,0.998962
flower,flower_0018.jpg,67301,27486,2.448556,59.159596,1.448000,1.513900,2.961900,25.293850,34.100654,0.996762
flower,flower_0019.jpg,11303,5951,1.899345,47.350261,0.371600,0.341900,0.713500,17.358115,35.735778,0.997511
flower,flower_0020.jpg,74258,38192,1.944334,48.568504,1.355700,1.411800,2.767500,34.499291,32.752702,0.995896
flower,flower_0021.jpg,15007,7672,1.956074,48.877191,0.489600,0.480700,0.970300,13.925967,36.692550,0.996593
flower,flower_0022.jpg,151009,83964,1.798497,44.398016,14.965900,3.555300,18.521200,86.384933,28.766424,0.992868
flower,flower_0023.jpg,83766,44949,1.863579,46.339804,1.816000,1.930400,3.746400,19.256606,35.285006,0.997944
flower,flower_0024.jpg,47953,25933,1.849111,45.919963,0.843700,0.777800,1.621500,52.596489,30.921236,0.996076
flower,flower_0025.jpg,10227,5564,1.838066,45.594994,0.386800,0.328800,0.715600,9.103100,38.538911,0.998948
flower,flower_0026.jpg,5238,2989,1.752426,42.936235,0.166400,0.177900,0.344300,19.458153,35.239787,0.997147
flower,flower_0027.jpg,39801,21103,1.886035,46.978719,8.618300,1.437800,10.056100,12.891861,37.027648,0.998994
flower,flower_0028.jpg,152939,86811,1.761747,43.238154,5.481400,3.526100,9.007500,92.508382,28.468993,0.979591
flower,flower_0029.jpg,10212,5483,1.862484,46.308265,0.444000,0.438700,0.882700,6.435711,40.044838,0.999091
flower,flower_0030.jpg,37013,19915,1.858549,46.194580,0.643600,0.679700,1.323300,44.333464,31.663487,0.996818
flower,flower_0031.jpg,14273,4604,3.100130,67.743292,0.201400,0.220600,0.422000,34.611498,32.738600,0.994970
flower,flower_0032.jpg,31727,16882,1.879339,46.789800,0.503400,0.570600,1.074000,39.121239,32.206678,0.994979
flower,flower_0033.jpg,40573,22747,1.783664,43.935622,1.390100,7.776600,9.166700,9.455389,38.374009,0.997542
flower,flower_0034.jpg,150368,78586,1.913420,47.737551,2.315300,3.019700,5.335000,49.691483,31.167984,0.995517
flower,flower_0035.jpg,69282,16688,4.151606,75.912936,1.271200,1.068600,2.339800,6.732233,39.849212,0.999720
flower,flower_0036.jpg,87244,42239,2.065485,51.585209,1.968700,2.075300,4.044000,19.042726,35.333513,0.997397
flower,flower_0037.jpg,54382,30405,1.788587,44.089956,1.391200,2.426800,3.818000,8.319894,38.929625,0.998806
flower,flower_0038.jpg,37442,19979,1.874068,46.640137,7.805200,1.291600,9.096800,10.889028,37.760912,0.999422
flower,flower_0039.jpg,20931,10322,2.027805,50.685586,0.456500,0.625500,1.082000,35.741540,32.599071,0.993679
flower,flower_0040.jpg,29744,16335,1.820875,45.081361,0.521800,0.510900,1.032700,48.035907,31.315144,0.996802
flower,flower_0041.jpg,33504,17452,1.919780,47.910697,0.952500,1.051600,2.004100,11.866261,37.387665,0.999113
flower,flower_0042.jpg,265644,69036,3.847905,74.011835,4.133500,12.480800,16.614300,13.949133,36.685331,0.998642
flower,flower_0043.jpg,21424,11749,1.823474,45.159634,0.499900,0.520900,1.020800,18.960099,35.352398,0.997713
flower,flower_0044.jpg,80149,23603,3.395712,70.551099,0.708300,0.861900,1.570200,57.670579,30.521260,0.994044
flower,flower_0045.jpg,81543,36851,2.212776,54.807893,2.115600,1.920300,4.035900,22.447673,34.619090,0.997948
flower,flower_0046.jpg,35284,19549,1.804901,44.595284,1.130900,0.970700,2.101600,17.290481,35.752733,0.998597
flower,flower_0047.jpg,22514,7560,2.978042,66.420894,0.219700,0.772600,0.992300,81.531321,29.017559,0.992310
flower,flower_0048.jpg,299544,162922,1.838573,45.609994,13.069300,5.650100,18.719400,34.354150,32.771012,0.996410
flower,flower_0049.jpg,69128,35052,1.972156,49.294063,1.612000,2.177500,3.789500,27.912222,33.672860,0.995455
fruit,fruit_0000.jpg,4001,2347,1.704729,41.339665,0.153500,1.430800,1.584300,11.028833,37.705508,0.998456
fruit,fruit_0001.jpg,4973,2885,1.723744,41.986728,0.899000,0.169300,1.068300,16.903533,35.851029,0.999259
fruit,fruit_0002.jpg,4398,2664,1.650901,39.427012,0.484500,0.188400,0.672900,14.618333,36.481825,0.997798
fruit,fruit_0003.jpg,4493,2739,1.640380,39.038504,0.134900,0.177200,0.312100,13.199300,36.925295,0.999010
fruit,fruit_0004.jpg,5226,3016,1.732759,42.288557,0.163300,0.163300,0.326600,16.051833,36.075557,0.999000
fruit,fruit_0005.jpg,6098,3403,1.791948,44.194818,0.135100,1.795200,1.930300,24.787533,34.188470,0.997661
fruit,fruit_0006.jpg,4716,2765,1.705606,41.369805,0.225000,0.147900,0.372900,14.311600,36.573922,0.998533
fruit,fruit_0007.jpg,3793,2244,1.690285,40.838387,0.178700,0.171200,0.349900,7.364800,39.459194,0.999039
fruit,fruit_0008.jpg,4342,2624,1.654726,39.567020,0.154800,0.206300,0.361100,13.687867,36.767446,0.998656
fruit,fruit_0009.jpg,4954,2978,1.663533,39.886960,0.237500,0.214800,0.452300,20.073567,35.104558,0.999140
fruit,fruit_0010.jpg,4207,2401,1.752187,42.928453,0.149900,0.183700,0.333600,18.481900,35.463337,0.999285
fruit,fruit_0011.jpg,6017,3422,1.758328,43.127805,0.191000,0.158200,0.349200,29.126533,33.487916,0.998314
fruit,fruit_0012.jpg,3695,2239,1.650290,39.404601,0.166800,0.158200,0.325000,11.271367,37.611038,0.998863
fruit,fruit_0013.jpg,7224,4100,1.761951,43.244740,0.164500,0.196000,0.360500,31.262900,33.180511,0.998065
fruit,fruit_0014.jpg,4693,2794,1.679671,40.464522,0.165100,0.147500,0.312600,14.303800,36.576289,0.999124
fruit,fruit_0015.jpg,4787,2770,1.728159,42.134949,0.417900,0.147500,0.565400,15.212500,36.308798,0.998429
fruit,fruit_0016.jpg,3875,2425,1.597938,37.419355,0.176600,0.186600,0.363200,13.254033,36.907323,0.998698
fruit,fruit_0017.jpg,5386,3130,1.720767,41.886372,0.168500,0.182100,0.350600,15.701333,36.171438,0.998221
fruit,fruit_0018.jpg,4413,2526,1.747031,42.760027,0.157800,0.150400,0.308200,13.200300,36.924966,0.999441
fruit,fruit_0019.jpg,3634,2275,1.597363,37.396808,0.149400,0.145200,0.294600,10.993867,37.719299,0.999268
fruit,fruit_0020.jpg,5141,3018,1.703446,41.295468,0.182500,0.230900,0.413400,15.430600,36.246975,0.999053
fruit,fruit_0021.jpg,4353,2619,1.662085,39.834597,0.182900,0.157600,0.340500,19.796800,35.164854,0.999121
fruit,fruit_0022.jpg,4535,2514,1.803898,44.564498,0.142000,0.151400,0.293400,17.955033,35.588941,0.999270
fruit,fruit_0023.jpg,4232,2557,1.655065,39.579395,0.135800,0.148000,0.283800,12.467900,37.172871,0.998710
fruit,fruit_0024.jpg,4542,2632,1.725684,42.051959,0.163100,0.151900,0.315000,18.033433,35.570019,0.997397
fruit,fruit_0025.jpg,4081,2283,1.787560,44.057829,0.162900,0.166700,0.329600,11.897067,37.376405,0.999331
fruit,fruit_0026.jpg,3484,2156,1.615955,38.117107,0.149400,0.683200,0.832600,8.978400,38.598814,0.999462
fruit,fruit_0027.jpg,3641,2167,1.680203,40.483384,0.197600,0.151700,0.349300,8.039133,39.078711,0.998974
fruit,fruit_0028.jpg,5523,3150,1.753333,42.965779,0.142500,0.139700,0.282200,19.368100,35.259933,0.998890
fruit,fruit_0029.jpg,5258,2970,1.770370,43.514644,0.185600,0.172000,0.357600,19.771400,35.170429,0.998233
fruit,fruit_0030.jpg,4373,2677,1.633545,38.783444,0.126200,0.180400,0.306600,18.269967,35.513426,0.998749
fruit,fruit_0031.jpg,3877,2333,1.661809,39.824607,0.171300,0.257300,0.428600,14.375633,36.554534,0.997927
fruit,fruit_0032.jpg,5173,2981,1.735324,42.373864,0.178100,0.180300,0.358400,16.139567,36.051885,0.998979
fruit,fruit_0033.jpg,4225,2620,1.612595,37.988166,0.182700,0.171600,0.354300,11.513133,37.518868,0.999311
fruit,fruit_0034.jpg,6336,3553,1.783282,43.923611,0.143600,0.137100,0.280700,27.400467,33.753224,0.998147
fruit,fruit_0035.jpg,5313,2966,1.791301,44.174666,0.194600,0.168300,0.362900,19.315200,35.271812,0.998386
fruit,fruit_0036.jpg,4795,2725,1.759633,43.169969,0.177600,0.143600,0.321200,16.806900,35.875927,0.999264
fruit,fruit_0037.jpg,4399,2620,1.679008,40.441009,0.139800,0.187500,0.327300,13.393733,36.861787,0.999135
fruit,fruit_0038.jpg,5176,2936,1.762943,43.276662,0.164800,0.171700,0.336500,20.504033,35.012411,0.998914
fruit,fruit_0039.jpg,4842,2818,1.718240,41.800909,0.180900,1.050400,1.231300,15.482400,36.232421,0.998459
fruit,fruit_0040.jpg,5033,2871,1.753048,42.956487,0.175100,2.569600,2.744700,14.289367,36.580674,0.998593
fruit,fruit_0041.jpg,5224,3075,1.698862,41.137060,0.191300,0.180200,0.371500,15.071600,36.349210,0.999344
fruit,fruit_0042.jpg,4518,2690,1.679554,40.460381,0.236900,0.167300,0.404200,11.560933,37.500875,0.999308
fruit,fruit_0043.jpg,5258,3032,1.734169,42.335489,0.168800,0.158800,0.327600,19.202333,35.297264,0.999063
fruit,fruit_0044.jpg,7312,4135,1.768319,43.449125,0.175700,0.184300,0.360000,32.325967,33.035288,0.997863
fruit,fruit_0045.jpg,5050,3036,1.663373,39.881188,0.173400,0.193900,0.367300,20.958767,34.917146,0.999011
fruit,fruit_0046.jpg,4472,2734,1.635699,38.864043,0.178500,0.189900,0.368400,11.878900,37.383041,0.998672
fruit,fruit_0047.jpg,4782,2743,1.743347,42.639063,0.159700,0.156700,0.316400,16.348233,35.996095,0.998248
fruit,fruit_0048.jpg,4485,2615,1.715105,41.694537,0.162600,0.175700,0.338300,16.230233,36.027556,0.999197
fruit,fruit_0049.jpg,5357,3022,1.772667,43.587829,0.155100,0.177600,0.332700,19.408833,35.250809,0.998588
motorbike,motorbike_0000.jpg,12361,6750,1.831259,45.392768,0.524500,0.276700,0.801200,34.862704,32.707193,0.997942
motorbike,motorbike_0001.jpg,12326,6833,1.803893,44.564336,0.281100,0.290200,0.571300,40.852827,32.018582,0.997710
motorbike,motorbike_0002.jpg,13310,7525,1.768771,43.463561,0.339800,4.142200,4.482000,35.630623,32.612569,0.997864
motorbike,motorbike_0003.jpg,11872,6433,1.845484,45.813679,0.258200,0.326400,0.584600,46.931242,31.416183,0.997118
motorbike,motorbike_0004.jpg,12989,7055,1.841106,45.684810,0.321900,0.378700,0.700600,34.552515,32.746007,0.997936
motorbike,motorbike_0005.jpg,12802,6869,1.863736,46.344321,0.290100,0.291100,0.581200,32.836306,32.967261,0.997940
motorbike,motorbike_0006.jpg,11454,6483,1.766775,43.399686,1.310900,0.791500,2.102400,29.873997,33.377870,0.997910
motorbike,motorbike_0007.jpg,12515,6796,1.841524,45.697163,2.884300,0.415400,3.299700,41.825909,31.916350,0.997254
motorbike,motorbike_0008.jpg,12673,7103,1.784176,43.951708,0.316000,0.318700,0.634700,44.873932,31.610862,0.997349
motorbike,motorbike_0009.jpg,12849,6988,1.838724,45.614445,0.251900,0.248100,0.500000,37.616078,32.377069,0.998054
motorbike,motorbike_0010.jpg,13262,7216,1.837860,45.588901,0.302300,0.331100,0.633400,39.017679,32.218189,0.997573
motorbike,motorbike_0011.jpg,13007,7168,1.814593,44.891212,0.325100,0.291500,0.616600,37.045021,32.443505,0.997839
motorbike,motorbike_0012.jpg,11886,6991,1.700186,41.182904,0.278000,0.304900,0.582900,2.785381,43.681958,0.999859
motorbike,motorbike_0013.jpg,12081,6613,1.826856,45.261154,0.301700,0.273900,0.575600,31.440342,33.155931,0.998359
motorbike,motorbike_0014.jpg,12353,6668,1.852579,46.021209,0.279200,0.252900,0.532100,37.068748,32.440724,0.997613
motorbike,motorbike_0015.jpg,12733,6964,1.828403,45.307469,0.270000,0.293400,0.563400,34.850210,32.708750,0.997726
motorbike,motorbike_0016.jpg,11947,6640,1.799247,44.421194,0.290500,0.272100,0.562600,35.770781,32.595519,0.997785
motorbike,motorbike_0017.jpg,12272,6765,1.814043,44.874511,0.275200,0.280000,0.555200,35.621242,32.613713,0.997782
motorbike,motorbike_0018.jpg,12484,7111,1.755590,43.039090,0.266300,0.412200,0.678500,29.730255,33.398817,0.998361
motorbike,motorbike_0019.jpg,12999,7349,1.768812,43.464882,0.618900,0.368900,0.987800,26.479672,33.901678,0.998431
motorbike,motorbike_0020.jpg,12318,6712,1.835221,45.510635,1.113900,0.595100,1.709000,35.684366,32.606024,0.998069
motorbike,motorbike_0021.jpg,11581,6581,1.759763,43.174165,0.226200,2.087500,2.313700,33.786021,32.843433,0.997917
motorbike,motorbike_0022.jpg,12180,6985,1.743737,42.651888,1.919800,0.342400,2.262200,32.636640,32.993749,0.997948
motorbike,motorbike_0023.jpg,12579,6910,1.820405,45.067175,0.338400,0.297500,0.635900,39.438851,32.171561,0.997577
motorbike,motorbike_0024.jpg,15118,8499,1.778798,43.782246,0.307500,0.289700,0.597200,42.840980,31.812210,0.997624
motorbike,motorbike_0025.jpg,20938,11699,1.789726,44.125513,0.786800,0.382900,1.169700,57.101519,30.564327,0.994035
motorbike,motorbike_0026.jpg,14734,7770,1.896268,47.264830,0.273900,1.051500,1.325400,44.289375,31.667808,0.996873
motorbike,motorbike_0027.jpg,14835,8174,1.814901,44.900573,0.278900,1.172300,1.451200,48.800982,31.246518,0.997218
motorbike,motorbike_0028.jpg,16600,9195,1.805329,44.608434,0.308900,0.289700,0.598600,53.591376,30.839855,0.997393
motorbike,motorbike_0029.jpg,18511,10631,1.741228,42.569283,0.257100,0.348500,0.605600,55.796454,30.664738,0.995791
motorbike,motorbike_0030.jpg,14610,8497,1.719430,41.841205,0.305400,0.314700,0.620100,4.853286,41.270445,0.999857
motorbike,motorbike_0031.jpg,16142,8997,1.794154,44.263412,0.311900,0.358500,0.670400,48.782394,31.248173,0.997569
motorbike,motorbike_0032.jpg,20663,11711,1.764410,43.323816,0.316800,0.445000,0.761800,57.121066,30.562841,0.995296
motorbike,motorbike_0033.jpg,15212,8426,1.805364,44.609519,0.280300,0.364500,0.644800,45.068955,31.592029,0.997822
motorbike,motorbike_0034.jpg,15655,8944,1.750335,42.868093,0.539100,1.800900,2.340000,54.962873,30.730109,0.993358
motorbike,motorbike_0035.jpg,11521,6354,1.813189,44.848537,0.251600,0.236900,0.488500,41.929573,31.905599,0.997484
motorbike,motorbike_0036.jpg,12121,6558,1.848277,45.895553,0.239000,0.360600,0.599600,47.981724,31.320045,0.997268
motorbike,motorbike_0037.jpg,13143,7153,1.837411,45.575592,0.283400,0.268100,0.551500,46.707841,31.436906,0.996667
motorbike,motorbike_0038.jpg,15246,8261,1.845539,45.815296,0.319700,0.508700,0.828400,47.069579,31.403400,0.996280
motorbike,motorbike_0039.jpg,15649,8589,1.821982,45.114704,0.300300,0.372500,0.672800,44.572931,31.640092,0.997200
motorbike,motorbike_0040.jpg,15907,8591,1.851589,45.992330,1.935100,4.209500,6.144600,46.905553,31.418561,0.996499
motorbike,motorbike_0041.jpg,15891,8598,1.848221,45.893902,0.321700,0.326300,0.648000,49.008289,31.228108,0.996630
motorbike,motorbike_0042.jpg,14301,7612,1.878744,46.772953,0.305200,0.323800,0.629000,46.851498,31.423569,0.997366
motorbike,motorbike_0043.jpg,13819,7616,1.814470,44.887474,0.302800,0.251200,0.554000,47.692885,31.346268,0.997112
motorbike,motorbike_0044.jpg,11690,6777,1.724952,42.027374,0.404500,0.290200,0.694700,2.764265,43.715007,0.999921
motorbike,motorbike_0045.jpg,14037,7699,1.823224,45.152098,0.357600,0.546500,0.904100,28.199127,33.628447,0.997916
motorbike,motorbike_0046.jpg,13611,7329,1.857143,46.153846,0.313700,0.313700,0.627400,44.876734,31.610591,0.997344
motorbike,motorbike_0047.jpg,11919,6516,1.829190,45.330984,0.254900,0.425900,0.680800,41.320292,31.969170,0.997737
motorbike,motorbike_0048.jpg,11599,6439,1.801367,44.486594,0.270600,0.482700,0.753300,39.778489,32.134321,0.997985
motorbike,motorbike_0049.jpg,14799,8453,1.750739,42.881276,0.261300,0.269900,0.531200,57.495804,30.534442,0.995552
person,person_0000.jpg,15301,8467,1.807134,44.663747,0.524400,1.238700,1.763100,3.709106,42.438111,0.999659
person,person_0001.jpg,16965,9539,1.778488,43.772473,0.661400,0.769300,1.430700,4.287216,41.809050,0.999738
person,person_0002.jpg,13869,7519,1.844527,45.785565,0.641800,0.584500,1.226300,3.251348,43.010169,0.999800
person,person_0003.jpg,17103,9296,1.839824,45.646963,0.620100,0.656800,1.276900,4.221649,41.875982,0.999622
person,person_0004.jpg,12650,6698,1.888623,47.051383,0.540300,0.558800,1.099100,2.964793,43.410860,0.999448
person,person_0005.jpg,16818,9186,1.830830,45.379950,1.063700,0.549500,1.613200,4.456034,41.641318,0.999556
person,person_0006.jpg,16389,9004,1.820191,45.060711,0.707300,0.574500,1.281800,3.980540,42.131384,0.999621
person,person_0007.jpg,16385,9205,1.780011,43.820568,0.622300,1.570100,2.192400,4.012100,42.097086,0.999745
person,person_0008.jpg,16498,9169,1.799324,44.423566,0.618900,7.721900,8.340800,4.253698,41.843137,0.999707
person,person_0009.jpg,15173,8444,1.796897,44.348514,0.674900,1.222600,1.897500,3.526647,42.657184,0.999590
person,person_0010.jpg,16692,9145,1.825260,45.213276,0.655100,0.511200,1.166300,3.942276,42.173333,0.999834
person,person_0011.jpg,15205,8000,1.900625,47.385728,0.504800,0.634800,1.139600,3.704213,42.443844,0.999581
person,person_0012.jpg,16928,9221,1.835810,45.528119,4.943100,0.645200,5.588300,4.117177,41.984808,0.999697
person,person_0013.jpg,16612,8902,1.866098,46.412232,0.615100,0.612100,1.227200,4.347046,41.748861,0.999693
person,person_0014.jpg,16281,9067,1.795633,44.309318,1.065100,0.686000,1.751100,4.365458,41.730505,0.999184
person,person_0015.jpg,19152,10121,1.892303,47.154344,0.654100,0.554700,1.208800,5.250198,40.929046,0.999576
person,person_0016.jpg,15815,8415,1.879382,46.791021,0.574500,0.712700,1.287200,3.956039,42.158197,0.999659
person,person_0017.jpg,21990,11736,1.873722,46.630286,0.946300,1.353600,2.299900,6.339371,40.110342,0.999572
person,person_0018.jpg,16838,9229,1.824466,45.189452,1.602100,0.886600,2.488700,4.047134,42.059327,0.999549
person,person_0019.jpg,17216,9584,1.796327,44.330855,0.870000,1.207800,2.077800,4.547831,41.552760,0.999809
person,person_0020.jpg,16477,9101,1.810460,44.765431,0.520300,0.534900,1.055200,4.094594,42.008695,0.999774
person,person_0021.jpg,16919,9353,1.808938,44.718955,0.602100,0.661300,1.263400,4.467356,41.630298,0.999581
person,person_0022.jpg,16156,9018,1.791528,44.181728,0.592800,0.627700,1.220500,4.256882,41.839888,0.999867
person,person_0023.jpg,15978,8931,1.789049,44.104394,0.629900,2.471000,3.100900,3.800222,42.332714,0.999808
person,person_0024.jpg,18221,10068,1.809793,44.745074,0.712000,0.720700,1.432700,4.944519,41.189563,0.999551
person,person_0025.jpg,13953,7769,1.795984,44.320218,3.965700,0.594300,4.560000,3.236766,43.029691,0.999739
person,person_0026.jpg,14083,7611,1.850348,45.956117,0.602300,0.507300,1.109600,3.346512,42.884880,0.999658
person,person_0027.jpg,14195,7733,1.835639,45.523072,0.953600,0.638400,1.592000,3.788315,42.346343,0.999718
person,person_0028.jpg,16504,9201,1.793718,44.249879,0.622000,0.828400,1.450400,4.094691,42.008592,0.999707
person,person_0029.jpg,17003,9021,1.884824,46.944657,0.706500,0.564800,1.271300,4.135284,41.965750,0.999662
person,person_0030.jpg,19153,10660,1.796717,44.342923,0.525600,0.565900,1.091500,5.107162,41.049007,0.999696
person,person_0031.jpg,19168,10232,1.873339,46.619366,0.581300,0.514300,1.095600,5.083679,41.069022,0.999816
person,person_0032.jpg,17263,9379,1.840601,45.669930,1.456000,0.759200,2.215200,4.148839,41.951537,0.999574
person,person_0033.jpg,19548,10882,1.796361,44.331901,0.529200,0.586200,1.115400,5.821426,40.480510,0.999692
person,person_0034.jpg,16854,9057,1.860881,46.262015,0.585400,1.293900,1.879300,4.192240,41.906342,0.999787
person,person_0035.jpg,18975,10211,1.858290,46.187088,0.615200,20.401400,21.016600,4.761739,41.353148,0.999685
person,person_0036.jpg,15291,8404,1.819491,45.039566,0.718600,1.108200,1.826800,3.763484,42.374903,0.999679
person,person_0037.jpg,13828,7776,1.778292,43.766271,1.285200,0.632400,1.917600,3.469294,42.728392,0.999647
person,person_0038.jpg,16196,8767,1.847382,45.869350,0.598300,0.497200,1.095500,3.823146,42.306595,0.999710
person,person_0039.jpg,16616,8951,1.856329,46.130236,0.653300,0.575900,1.229200,3.987844,42.123422,0.999764
person,person_0040.jpg,20454,10722,1.907666,47.579935,0.786200,0.687200,1.473400,6.057566,40.307822,0.999153
person,person_0041.jpg,17612,9922,1.775045,43.663411,0.633300,1.558800,2.192100,4.900614,41.228298,0.999686
person,person_0042.jpg,16560,8957,1.848833,45.911836,0.589200,0.476800,1.066000,4.099258,42.003751,0.999688
person,person_0043.jpg,16963,9286,1.826728,45.257325,0.513600,0.637500,1.151100,4.102249,42.000583,0.999650
person,person_0044.jpg,16304,8934,1.824938,45.203631,3.827800,10.473700,14.301500,4.144241,41.956353,0.999744
person,person_0045.jpg,17823,10242,1.740187,42.534927,0.514600,0.790900,1.305500,4.775889,41.340261,0.999596
person,person_0046.jpg,16182,9066,1.784911,43.974787,1.996700,0.540200,2.536900,4.122080,41.979639,0.999807
person,person_0047.jpg,17407,9584,1.816256,44.941690,0.591700,3.308900,3.900600,4.534027,41.565962,0.999691
person,person_0048.jpg,15302,8391,1.823621,45.164031,0.608900,0.595000,1.203900,3.702799,42.445502,0.999670
person,person_0049.jpg,17437,9532,1.829312,45.334633,0.951100,0.634400,1.585500,4.366577,41.729392,0.999558

OVERALL,400,9830521,4841993,2.030263,50.745306,409.505400,433.915300,843.420700,21.745334,35.973395,0.997652
