ImagesPerClass,Threads,JPEG_Quality,SuccessfulImages,WallTime_ms,TotalPerImageTime_ms,CompressionRatio,AverageMSE,AveragePSNR_dB,AverageSSIM
2,1,75,2,84.164100,1.595300,1.895548,15.636284,36.241733,0.998713
50,1,75,400,6190.706600,435.460200,2.030263,21.745334,35.973395,0.997652
50,2,75,400,2997.974700,833.449500,2.030263,21.745334,35.973395,0.997652
50,4,75,400,2116.481100,843.420700,2.030263,21.745334,35.973395,0.997652
50,8,75,400,2022.369900,1209.289300,2.030263,21.745334,35.973395,0.997652
100,1,75,800,7868.220700,737.590600,2.031006,21.742695,35.964989,0.997402
100,2,75,800,4296.630200,1232.754200,2.031006,21.742695,35.964989,0.997402
100,4,75,800,3692.581600,1784.418000,2.031006,21.742695,35.964989,0.997402
100,8,75,800,4243.902500,3166.840900,2.031006,21.742695,35.964989,0.997402
250,1,75,2000,43086.152600,4179.606200,2.119843,21.345120,36.018033,0.997306
250,2,75,2000,18737.106400,4356.799900,2.119843,21.345120,36.018033,0.997306
250,4,75,2000,13055.364100,4810.655200,2.119843,21.345120,36.018033,0.997306
250,8,75,2000,10156.499100,6209.026200,2.119843,21.345120,36.018033,0.997306
500,1,75,4000,47066.464400,4728.646900,2.086797,21.491590,35.996324,0.997307
500,2,75,4000,24892.301300,7072.466100,2.086797,21.491590,35.996324,0.997307
500,4,75,4000,26415.880600,11398.574700,2.086797,21.491590,35.996324,0.997307
500,8,75,4000,19423.652300,11547.210000,2.086797,21.491590,35.996324,0.997307
