Images_Per_Class,Threads,Wall_Clock_Time_ms,Speedup,Efficiency
50,1,3557.715,1.0,1.0
50,2,1604.263,2.2176631886417626,1.1088315943208813
50,4,1063.009,3.34683431654859,0.8367085791371475
50,8,814.118,4.370023755770048,0.546252969471256
100,1,6667.849,1.0,1.0
100,2,3402.221,1.959851814447092,0.979925907223546
100,4,2116.783,3.1499917563585877,0.7874979390896469
100,8,1482.435,4.497903112109469,0.5622378890136837
250,1,18164.123,1.0,1.0
250,2,8088.634,2.2456354187864105,1.1228177093932052
250,4,4217.975,4.306360990759783,1.0765902476899458
250,8,3186.666,5.700039790803303,0.7125049738504129
500,1,33556.67,1.0,1.0
500,2,13704.714,2.4485494553188047,1.2242747276594024
500,4,8146.813,4.1189935254436305,1.0297483813609076
500,8,5871.739,5.714945776711124,0.7143682220888905
